[
  {
    "icon": "fa fa-home",
    "slug": "external",
    "title": "Volver al inicio",
    "path": "index.html"
  },  
  { 
    "id": 1,
    "icon": "fa fa-file-text",
    "slug": "gestion",
    "title": "1. Gestión centrada en la persona",
    "breadcrumb": ["gestion","tema-1"],
    "path": "pages/tema_1.html",
    "submenu": [
      {
        "icon": "fa fa-file-text",
        "slug": "gestion",
        "title": "1.1 Antecedentes del modelo de atención centrada en la persona",
        "anchor": "tema1_1"
      },   
      {
        "icon": "fa fa-file-text",
        "slug": "gestion",
        "title": "1.2 Modelo de atención centrada en la persona",
        "anchor": "tema1_2"
      }, 
      {
        "icon": "fa fa-file-text",
        "slug": "gestion",
        "title": "1.2.1 Modelo OMS",
        "anchor": "tema1_2_1"
      },    
      {
        "icon": "fa fa-file-text",
        "slug": "gestion",
        "title": "1.2.2 Perspectiva OES",
        "anchor": "tema1_2_2"
      },  
      {
        "icon": "fa fa-file-text",
        "slug": "gestion",
        "title": "1.2.3 Modelo Planetree",
        "anchor": "tema1_2_3"
      },      
      {
        "icon": "fa fa-file-text",
        "slug": "gestion",
        "title": "1.3 Algunas experiencias en Colombia",
        "anchor": "tema1_3"
      }      
    ]
  }  
]